影片名,bt链接
2022年国产喜剧科幻片《外太空的莫扎特》HD国语中字,magnet:?xt=urn:btih:0899d0df8230de1d4d5e5ff0c7c985823cecdcef&dn=[电影天堂www.dytt89.com]外太空的莫扎特-2022_HD国语中字.mp4&tr=http://t.t789.me:2710/announce&tr=http://t.t789.co:2710/announce&tr=http://t.t789.vip:2710/announce
2022年国产8.4分剧情片《隐入尘烟》HD国语中字,magnet:?xt=urn:btih:a0ab8dbf2f3fab1b5b666687b288af6dbf504481&dn=[电影天堂www.dytt89.com]隐入尘烟-2022_HD国语中字.mp4&tr=http://t.t789.me:2710/announce&tr=http://t.t789.co:2710/announce&tr=http://t.t789.vip:2710/announce
2022年美国动作科幻片《铁血战士：猎物》BD中英双字,magnet:?xt=urn:btih:f8f5333a4570cbcd126f442341b0c9cf5652e24b&dn=[电影天堂www.dytt89.com]铁血战士：猎物-2022_BD中英双字.mp4&tr=http://t.t789.me:2710/announce&tr=http://t.t789.co:2710/announce&tr=http://t.t789.vip:2710/announce
2022年国产7.2分历史战争片《长津湖之水门桥》蓝光国语中字,magnet:?xt=urn:btih:30f0f5117b59b4146fa9b554feabc4f06c9d1080&dn=[电影天堂www.dytt89.com]长津湖之水门桥-2022_蓝光国语中字.mp4&tr=http://t.t789.me:2710/announce&tr=http://t.t789.co:2710/announce&tr=http://t.t789.vip:2710/announce
2021年欧美6.7分动作科幻片《哥斯拉大战金刚》蓝光国英双语双字,magnet:?xt=urn:btih:b53c032823071d69f3c50ea6266ebc47bcc049b4&dn=[电影天堂www.dytt89.com]哥斯拉大战金刚-2021_蓝光国英双语双字.mp4&tr=http://t.t789.me:2710/announce&tr=http://t.t789.co:2710/announce&tr=http://t.t789.vip:2710/announce
2021年欧美7.2分动画片《比得兔2：逃跑计划》蓝光国粤英3语双字,magnet:?xt=urn:btih:45c370f0e511624c317dd8ddeec59786e3fbb2be&dn=[电影天堂www.dytt89.com]比得兔2：逃跑计划-2021_蓝光国粤英3语双字.mp4&tr=http://t.t789.me:2710/announce&tr=http://t.t789.co:2710/announce&tr=http://t.t789.vip:2710/announce
2021年欧美科幻动画片《天赐灵机》蓝光国英双语中字,magnet:?xt=urn:btih:a0b5d3b3c14fcb852ddf670db4e5b585a2834f0a&dn=[电影天堂www.dytt89.com]天赐灵机-2021_蓝光国英双语中字.mp4&tr=http://t.t789.me:2710/announce&tr=http://t.t789.co:2710/announce&tr=http://t.t789.vip:2710/announce
2022年美国动画片《小黄人大眼萌：神偷奶爸前传》BD中英双字,magnet:?xt=urn:btih:a2f59ce642a69536bd89834bca88cbe81c6241c4&dn=[电影天堂www.dytt89.com]小黄人大眼萌：神偷奶爸前传-2022_BD中英双字.mp4&tr=http://t.t789.me:2710/announce&tr=http://t.t789.co:2710/announce&tr=http://t.t789.vip:2710/announce
2022年美国喜剧动画片《刺猬索尼克2》蓝光国英双语中字,magnet:?xt=urn:btih:fed352ee222f76a393d21d303cc88f9b85f472cc&dn=[电影天堂www.dytt89.com]刺猬索尼克2-2022_蓝光国英双语中字.mp4&tr=http://t.t789.me:2710/announce&tr=http://t.t789.co:2710/announce&tr=http://t.t789.vip:2710/announce
2022年国产剧情片《你是我的春天》HD国语中字,magnet:?xt=urn:btih:4521e2600bba2c87b145c5d9266a2a0338088436&dn=[电影天堂www.dytt89.com]你是我的春天-2022_HD国语中字.mp4&tr=http://t.t789.me:2710/announce&tr=http://t.t789.co:2710/announce&tr=http://t.t789.vip:2710/announce
2022年美国动作惊悚片《灰影人》HD中英双字,magnet:?xt=urn:btih:032719f4ad6c2d94c40d366662714a27fd37fe70&dn=[电影天堂www.dytt89.com]灰影人-2022_HD中英双字.mp4&tr=http://t.t789.me:2710/announce&tr=http://t.t789.co:2710/announce&tr=http://t.t789.vip:2710/announce
2022年韩国7.7分动作犯罪片《犯罪都市2》BD韩语中字,magnet:?xt=urn:btih:42a3676cb40fa399c9394ba9247f8f5ab3a29b9c&dn=[电影天堂www.dytt89.com]犯罪都市2-2022_BD韩语中字.mp4&tr=http://t.t789.me:2710/announce&tr=http://t.t789.co:2710/announce&tr=http://t.t789.vip:2710/announce
2021年美国动作科幻片《末日激战》蓝光中英双字,magnet:?xt=urn:btih:41ee2e103ac93e8f60ec49679c3f94fac702b89a&dn=[电影天堂www.dytt89.com]末日激战-2021_蓝光中英双字.mp4&tr=http://t.t789.me:2710/announce&tr=http://t.t789.co:2710/announce&tr=http://t.t789.vip:2710/announce
2022年韩国动作悬疑片《魔女2》BD韩语中字,magnet:?xt=urn:btih:fe416e379243bf15b3e08a8d963c7251e13bf044&dn=[电影天堂www.dytt89.com]魔女2-2022_BD韩语中字.mp4&tr=http://t.t789.me:2710/announce&tr=http://t.t789.co:2710/announce&tr=http://t.t789.vip:2710/announce
2022年美国6.3分动作科幻片《侏罗纪世界3》蓝光中英双字,magnet:?xt=urn:btih:c2972b8c7f161c929bc29b24360af4f990db6b5a&dn=[电影天堂www.dytt89.com]侏罗纪世界3-2022_蓝光中英双字.mp4&tr=http://t.t789.me:2710/announce&tr=http://t.t789.co:2710/announce&tr=http://t.t789.vip:2710/announce
